0,-0.106185913,-0.179696321,0
0.000998259,-0.186776876,-0.018999815,0
0.002995968,-0.106401443,-0.099710703,0
0.003998756,-0.026041508,-0.019175529,0
0.004998446,0.054067612,-0.0191679,0
0.005999565,0.053930998,-0.019160986,0
0.006997585,0.13454628,0.061461687,0
0.007998228,0.053760529,-0.019010067,0
0.008996725,-0.107539892,0.061573982,0
0.010997772,-0.027022362,-0.018634319,0
0.011995077,-0.349337816,0.142592192,0
0.012996912,0.05398035,0.142885208,0
0.01399827,0.215379477,0.062532425,0
0.014999866,-0.02638936,-0.179278374,0
0.015996456,-0.02645874,-0.017954826,0
0.016996861,-0.107194901,-0.179047346,0
0.017995596,0.054171324,-0.017925501,0
0.01900053,0.054168701,-0.017773867,0
0.02000165,0.054433346,0.143770218,0
0.02099514,0.054730177,-0.017003298,0
0.022998333,0.135290146,-0.339284182,0
0.023998499,-0.106414795,-0.016933203,0
0.024995089,-0.026138306,0.062964201,0
0.025995493,0.05420661,-0.017363548,0
0.026996136,-0.025743723,0.143927097,0
0.028000593,0.055300951,-0.177718163,0
0.029016495,-0.025173903,0.144590616,0
0.030015945,-0.025333881,-0.016690731,0
0.03201437,0.216271639,-0.097615957,0
0.033025503,-0.025803328,0.06330061,0
0.034024,0.054941893,0.063487768,0
0.035021305,-0.025298595,-0.016810894,0
0.036001444,-0.105908632,-0.016344786,0
0.037001371,-0.105917454,-0.016504288,0
0.038992405,-0.025544405,-0.016762972,0
0.039993048,0.054747105,-0.016578913,0
0.040992498,0.054474115,-0.01669693,0
0.041994572,0.054368973,0.063902617,0
0.042994022,-0.026050568,-0.016208172,0
0.043992519,-0.025603771,-0.015966892,0
0.044993162,0.055172443,-0.096534491,0
0.045994282,-0.106034279,-0.096153021,0
0.046993971,-0.10649395,-0.338075638,0
0.047991991,-0.026216507,-0.016082287,0
0.048992872,0.054547071,0.064473867,0
0.050994396,0.296190977,0.065077305,0
0.051994324,-0.025777578,-0.015361547,0
0.052997351,0.376813173,-0.176950932,0
0.053994179,-0.026375532,-0.016281843,0
0.054992437,-0.026846886,0.064014673,0
0.055996418,0.05361867,0.063716173,0
0.056993723,-0.026930094,-0.016443491,0
0.058992863,0.134337187,0.064466715,0
0.059994698,-0.026662588,0.064456463,0
0.060994148,0.053752422,-0.096938133,0
0.061993361,-0.107447624,0.064074993,0
0.062994719,0.053467274,0.063794851,0
0.063993216,-0.107547283,0.144344091,0
0.064994335,0.13445425,0.144889832,0
0.065998077,-0.348962307,-0.016362906,0
0.066998482,-0.026764631,0.144449234,0
0.067996025,-0.107834339,0.06348443,0
0.069005251,-0.027399063,-0.420208931,0
0.070001841,-0.027747631,-0.017239809,0
0.072009802,-0.188909531,0.143889427,0
0.073009253,-0.027687788,0.063921452,0
0.074012041,-0.349664211,0.144922972,0
0.075011492,0.053287745,-0.016159058,0
0.07600832,0.053189278,-0.016269207,0
0.077009678,-0.027323961,0.064086437,0
0.078008652,-0.027069569,0.063826561,0
0.079012156,0.053230524,0.386376858,0
0.080010891,-0.107766151,-0.016373158,0
0.081009865,-0.027398348,-0.257920504,0
0.083112478,-0.349927664,-0.016471863,0
0.084101915,-0.027690887,-0.01643014,0
0.085088491,0.052829981,-0.016376972,0
0.086215734,-0.027714491,-0.016364813,0
0.087300777,-0.027458429,0.225677013,0
0.088286161,0.05351305,-0.016093493,0
0.089293957,0.053347111,-0.016214371,0
0.091305971,-0.34980011,-0.016615391,0
0.092293739,0.052515984,0.063531399,0
0.093304634,0.052404642,-0.017592669,0
0.094303846,-0.028588057,-0.17846489,0
0.095288277,0.213304043,-0.016994238,0
0.096307278,-0.028604746,-0.09747529,0
0.097294569,0.051652193,-0.17834878,0
0.098304987,-0.028820515,0.304884434,0
0.099294901,-0.109343767,-0.017506361,0
0.100299597,-0.109786034,0.062716722,0
0.101302862,0.051478624,0.304465771,0
0.103241444,-0.10947299,-0.017388105,0
0.104292393,0.213005543,0.063476801,0
0.105298281,0.051613808,-0.01765728,0
0.106297493,-0.02922368,-0.179320812,0
0.107299328,-0.029512167,0.062004805,0
0.108286142,0.05059886,0.061819315,0
0.109298229,-0.352298498,0.303725004,0
0.111305475,-0.352294207,0.062855482,0
0.112293005,-0.110495806,-0.179068327,0
0.113309622,-0.030433893,-0.260187149,0
0.114305735,-0.111262083,-0.018584728,0
0.115302801,0.050023556,0.061985731,0
0.116305351,0.050225735,-0.018638849,0
0.11729455,0.050176144,0.142586946,0
0.118297577,-0.352636576,-0.018216848,0
0.120253325,-0.030375481,-0.018644571,0
0.121294975,-0.030506372,-0.018578768,0
0.122295141,-0.352802038,-0.179681063,0
0.123302937,-0.030296087,0.223830462,0
0.124214649,0.050339699,-0.017717123,0
0.126213074,-0.110906839,0.143174648,0
0.127213955,-0.35273695,0.062457561,0
0.128213644,-0.352646351,-0.018448353,0
0.129212379,-0.352977753,-0.260483742,0
0.131214142,-0.030952692,0.061384916,0
0.132213831,-0.111917257,0.141758442,0
0.133212566,0.049843073,0.142670393,0
0.134212255,-0.352716208,-0.099226952,0
0.135211706,-0.111449003,-0.099825382,0
0.136212587,-0.111808777,-0.019703865,0
0.137214184,0.049228668,-0.02003336,0
0.138213158,-0.031764269,-0.100750685,0
0.139212608,-0.354052544,0.060395241,0
0.140211582,0.048686743,-0.019757032,0
0.142217636,-0.032184124,-0.261910677,0
0.143214464,-0.032677174,-0.182198048,0
0.144215345,-0.033167124,0.139419794,0
0.145216703,0.127980471,0.139491081,0
0.146219254,-0.033116579,0.05924654,0
0.147215128,0.208337307,0.05922842,0
0.148215294,-0.033396721,-0.021131039,0
0.149214983,0.208540201,-0.020998955,0
0.150222063,-0.355117559,0.059534788,0
0.152218342,-0.032977581,0.059314251,0
0.153217316,0.047301054,0.139699697,0
0.154219627,-0.033158302,0.139796019,0
0.155289412,0.047564983,-0.021116495,0
0.156304359,-0.033038139,-0.021061182,0
0.157295465,-0.113519669,-0.262541056,0
0.159302711,-0.033229351,-0.102169514,0
0.160289288,0.046741247,0.058832884,0
0.16130352,-0.033857584,0.300704956,0
0.16229248,0.207989216,0.059451818,0
0.163292885,-0.114187717,0.06007266,0
0.164296389,-0.355949879,-0.262016296,0
0.165300846,-0.114312649,-0.020617962,0
0.166296721,-0.034080029,-0.020916939,0
0.167316675,0.04645586,0.059489012,0
0.168304443,-0.034169674,-0.101511478,0
0.170220852,-0.03405714,-0.101078272,0
0.17130208,0.046951056,-0.020546675,0
0.172301769,-0.033598661,-0.020444155,0
0.173305511,-0.034013033,-0.182015657,0
0.174305916,0.046019793,-0.182426691,0
0.175305128,-0.034574986,0.05899024,0
0.17630887,0.207146406,0.059098482,0
0.177312136,0.368149996,0.139923096,0
0.178315401,0.046128273,-0.021003008,0
0.179309607,-0.034467459,-0.101301193,0
0.180309057,0.126478672,0.14036274,0
0.181310415,-0.115772963,-0.182790995,0
0.182316542,-0.03599143,-0.022641897,0
0.183323383,-0.036364317,0.057836771,0
0.184310913,-0.116849422,0.058402777,0
0.185311794,0.044760227,-0.021610022,0
0.187547445,-0.35797739,-0.021475554,0
0.188518286,-0.115804434,-0.343620777,0
0.189526081,0.125590324,-0.021573305,0
0.190526485,-0.116031647,0.22028327,0
0.191527605,0.205657482,-0.022012711,0
0.192527771,0.124970198,0.139431715,0
0.193531752,0.205861568,-0.020813465,0
0.194532871,0.045007706,-0.181289673,0
0.195526123,-0.035660267,-0.020408154,0
0.197520018,0.044933081,-0.101412773,0
0.198444366,-0.035913229,0.060100317,0
0.199517727,0.044480562,0.382217407,0
0.200526953,-0.036006451,-0.020511627,0
0.20153141,0.125457048,0.141226053,0
0.202447176,0.045213461,-0.019231081,0
0.20348525,-0.11602354,-0.422659159,0
0.204521179,-0.035732269,-0.261879921,0
0.205519438,0.044582367,0.140701532,0
0.206535578,-0.03623414,-0.020316362,0
0.207521439,-0.036327124,0.140918016,0
0.208536863,-0.358361483,-0.019812584,0
0.210443974,-0.358287334,-0.020053148,0
0.211447477,0.124989271,-0.180872202,0
0.212445498,-0.036142588,-0.020232916,0
0.213445187,-0.117058754,-0.020771742,0
0.214453936,0.204908848,-0.182226419,0
0.215448856,0.124850988,0.140345573,0
0.216449738,0.04466629,-0.020734072,0
0.217447758,-0.03572154,-0.02038002,0
0.218449593,-0.035599947,-0.262103081,0
0.21944809,0.044814348,-0.020502329,0
0.221443653,-0.035925627,-0.021291733,0
0.221443653,0.124985218,0.058865309,0
0.222445488,0.205481291,0.139667034,0
0.224443913,-0.035895824,1.751808167,0
0.22544384,-2.291001558,3.444006443,1.098632813
0.226443768,-2.452210426,3.76612258,1.647949219
0.22744441,-2.209962368,3.443921328,0.549316406
0.228443384,-1.645925045,3.604854345,1.098632813
0.229444027,-1.645508289,3.605334282,0.549316406
0.231444359,-1.645718813,4.249175072,0
0.232448816,-1.806808472,4.813709736,0
0.233446836,-2.047964096,4.572161674,0
0.234446287,-2.047243357,4.572764397,0
0.235448122,-2.047258615,4.250181675,0
0.236449957,-1.724485636,4.169475555,0.549316406
0.237448692,-1.724332571,4.250015736,0.549316406
0.239445686,-1.643433809,4.249688625,0.549316406
0.240446091,-1.643203259,4.330419064,0
0.241447926,-1.642923832,4.249853134,0.549316406
0.242447853,-1.239500999,4.250242233,0.549316406
0.243445396,-1.239125252,4.008854866,0
0.244446278,-1.400369167,4.008473396,0
0.245449543,-1.239666939,4.249481201,0.549316406
0.246447563,-1.078490734,4.168339729,0.549316406
0.247447968,-0.836786509,3.845864058,0.549316406
0.249446392,-0.755674124,4.168161869,1.098632813
0.250451088,-0.674936533,3.684960127,0.549316406
0.251450539,-0.51379776,4.087120056,0.549316406
0.2534554,-0.352725983,3.925922155,1.098632813
0.254449368,-0.353007078,3.522661209,0.549316406
0.255448103,-0.352917194,3.44213295,0.549316406
0.256449223,-0.111228228,3.602988482,0.549316406
0.257448912,0.130372763,3.683178902,0.549316406
0.258447886,0.210841179,3.36067605,0.549316406
0.259448767,0.291561365,3.360339165,0.549316406
0.260445595,0.371747732,3.279150724,1.098632813
0.261448622,0.371489286,2.956381798,1.098632813
0.263448238,0.854962587,2.875466347,1.098632813
0.264446735,0.854887247,2.795039892,0.549316406
0.265448332,0.935466528,2.55305934,0.549316406
0.266448259,1.257575512,2.311099052,1.098632813
0.267542124,1.176884174,2.471921444,1.098632813
0.269450188,1.660078049,2.229879856,0.549316406
0.270522833,1.821007013,1.907274008,1.098632813
0.271625996,1.981987715,1.907455206,0.549316406
0.272620201,2.06282568,1.665834904,1.098632813
0.274616718,2.224107027,1.504814625,1.098632813
0.275609732,2.385186434,1.102077723,1.098632813
0.276611328,2.465981007,0.77945447,1.098632813
0.277612925,2.788002253,0.779032707,1.098632813
0.278624535,2.788150787,0.376317263,1.647949219
0.280615807,2.949029922,0.2957654,1.098632813
0.281615496,3.110039949,0.134781361,1.098632813
0.282618284,3.110401154,-0.025953054,1.098632813
0.283616066,3.191296339,-0.186872482,1.098632813
0.284607887,2.868735552,-0.347911358,1.098632813
0.286045551,3.271312952,-0.91186738,1.647949219
0.287129641,3.270959139,-0.912461996,1.098632813
0.288142443,3.431640387,-1.154164791,1.098632813
0.289134026,3.109136343,-1.234534025,1.098632813
0.290139437,3.43136549,-1.314920902,1.098632813
0.291126013,3.350381613,-1.717741013,1.647949219
0.292135477,3.270002842,-2.28151083,1.647949219
0.29313612,3.18912077,-1.79803443,1.647949219
0.294137478,3.188935995,-2.200939894,1.098632813
0.296145678,3.430493355,-2.281362057,1.647949219
0.29713726,3.269048691,-2.362071037,1.647949219
0.298129559,3.027189493,-2.603626728,1.098632813
0.299054146,2.785173178,-2.683968782,1.647949219
0.30106163,2.704471111,-2.845059872,1.098632813
0.302083731,2.623848915,-3.166766405,1.098632813
0.303052902,2.301570415,-2.924380541,1.647949219
0.304069757,2.221048355,-3.165859461,1.647949219
0.306089878,1.898770332,-2.924198151,1.647949219
0.307136059,1.414735079,-2.924566507,1.098632813
0.308132648,1.57554245,-3.085126877,1.647949219
0.309132576,1.172386408,-3.165661335,2.197265625
0.31013298,0.930588484,-3.004295349,1.647949219
0.311136007,0.93079114,-3.084365606,2.197265625
0.312139273,0.367078304,-2.519784689,1.647949219
0.313137054,0.125327826,-2.922605991,1.647949219
0.314137459,-0.035374641,-2.600102901,1.647949219
0.316137075,-0.116072178,-2.519463062,1.647949219
0.317134142,-0.59947753,-1.310615063,1.647949219
0.318131924,-0.357802868,-0.26334548,1.098632813
0.319057465,0.045122623,-0.021384001,1.098632813
0.32105732,-0.035150528,-0.101365566,1.098632813
0.322053432,0.126229525,0.141016722,1.647949219
0.323056936,-0.195977449,0.059747458,1.647949219
0.325055599,0.126405001,-0.262739182,2.197265625
0.326054573,0.045954227,0.059343815,1.647949219
0.327054262,-0.034819841,-0.101870775,1.647949219
0.328053713,-0.034746647,0.059268475,1.647949219
0.32905674,0.046216011,0.059626102,1.647949219
0.330055952,-0.034480572,-0.021225452,2.197265625
0.33105278,0.126566172,-0.0214324,1.647949219
0.333058119,0.12597847,0.059204817,1.647949219
0.33405304,-0.035431623,0.139476538,1.647949219
0.335053205,-0.035009623,0.059044838,1.647949219
0.336054802,0.206606627,-0.0214746,2.197265625
0.337100506,0.04559207,0.139490604,1.647949219
0.339142799,-0.035287142,-0.022109747,1.647949219
0.340141058,-0.035468578,-0.02210927,2.197265625
0.341144323,0.206502676,0.058794737,2.197265625
0.342146635,0.125854969,0.059018135,1.647949219
0.344136477,0.045586348,-0.263126612,1.647949219
0.345132113,0.045854092,0.140088797,1.647949219
0.346135616,-0.115686655,-0.021378279,1.098632813
0.34713316,-0.03525281,-0.021897316,1.647949219
0.348131895,0.206693888,0.058390617,2.197265625
0.349134445,-0.034730196,-0.021750212,1.647949219
0.351141453,-0.356578112,-0.021778584,1.647949219
0.352139235,0.207407236,-0.10238719,1.647949219
0.353063107,-0.115276575,0.058343887,1.647949219
0.354130745,0.045620203,-0.023124933,1.647949219
0.355133772,0.045314074,-0.022908926,2.197265625
0.356132746,0.045433283,0.299335241,1.647949219
0.357135773,-0.195961475,0.058252811,1.647949219
0.358135462,0.207044363,0.13928318,1.098632813
0.359132528,-0.114897966,0.139694214,1.647949219
0.360131502,-0.114877939,-0.021381855,1.647949219
0.362137318,-0.034298182,-0.101965904,1.647949219
0.363151073,-0.034357071,0.139753103,1.647949219
0.364146709,-0.034114361,-0.424193144,1.647949219
0.365053892,-0.033900738,-0.020512342,1.647949219
0.366136074,-0.033409834,-0.020196199,1.647949219
0.368135452,-0.033401728,0.141049862,1.647949219
0.369057178,-0.35603261,-0.020824194,1.647949219
0.370109081,-0.033807516,0.059921741,1.647949219
0.371195555,0.047078848,0.060376167,1.647949219
0.372201204,0.370335817,0.142159939,1.098632813
0.37319994,-0.032183409,-0.018174648,1.647949219
0.374198914,0.049587488,-0.017269611,1.647949219
0.375201941,-0.111491203,-0.017262459,1.647949219
0.376192331,-0.03058219,-0.098184586,1.647949219
0.378216267,0.049835443,0.062935829,1.647949219
0.378216267,-0.030759096,-0.018346548,1.647949219
0.379202366,0.049238205,0.061507463,1.647949219
0.380202293,0.129660368,-0.019215107,1.098632813
0.382210255,0.210071564,-0.100213766,1.647949219
0.383197546,0.048463106,-0.342908144,1.647949219
0.384202003,-0.03217411,-0.020828485,1.647949219
0.385712862,-0.113343239,-0.182836294,1.647949219
0.386751652,0.047099113,0.299730062,1.647949219
0.387807608,0.046834946,0.058093548,1.647949219
0.388798475,0.20805645,0.219955206,1.647949219
0.389801502,0.127950191,-0.021257401,1.647949219
0.390795469,-0.033469677,0.139492273,1.647949219
0.391812325,-0.356100321,-0.10275197,1.098632813
0.392724276,0.126935244,-0.022864103,1.647949219
0.394723654,0.207593679,0.139014244,1.647949219
0.395721197,0.369470358,0.220658779,2.197265625
0.396720648,0.289643526,0.060485363,1.647949219
0.397720337,-0.354604483,0.141465425,1.098632813
0.398723602,0.048137903,0.14161396,1.098632813
0.399721384,0.12911725,0.061546803,1.647949219
0.400723457,-0.19294858,-0.018598318,1.647949219
0.401722431,-0.031366825,0.304084539,1.647949219
0.403724194,-0.111505747,0.063090086,1.647949219
0.40472126,0.292152882,0.063951731,1.647949219
0.405724525,-0.352510452,-0.499678612,1.647949219
0.406723022,0.050522804,-0.016600847,1.647949219
0.407723188,-0.029793262,-0.016608,1.098632813
0.408722162,-0.029858351,-0.016564846,1.647949219
0.409724236,0.050926685,0.225879669,1.647949219
0.41072011,0.534843683,-0.014876842,1.647949219
0.411720991,0.051759005,0.065823317,2.197265625
0.413722754,0.052239895,0.066257477,1.647949219
0.414722919,-0.351004124,-0.014689445,1.647949219
0.415720701,-0.028795958,-0.015352011,1.647949219
0.416720152,-0.029589176,-0.016280174,1.098632813
0.41772294,-0.029523849,-0.016189098,2.197265625
0.418722153,-0.110038996,-0.016379595,1.098632813
0.419721365,-0.352093458,0.06421876,1.647949219
0.421717644,0.05067277,-0.017301321,1.647949219
0.42271924,-0.111346722,0.143034935,1.647949219
0.423718929,-0.353374958,0.062117815,1.647949219
0.424718142,0.210412979,0.061958075,1.647949219
0.425717831,0.049375296,-0.018542528,1.647949219
0.426716805,0.130066156,0.062379122,1.647949219
0.428719044,0.210876465,0.062340975,1.647949219
0.429716587,-0.111516953,-0.018625736,1.647949219
0.430718899,-0.03144908,-0.099790812,1.647949219
0.431718588,0.370675564,-0.019617796,1.647949219
0.432717323,-0.112914562,-0.019983768,1.647949219
0.433717489,-0.032337904,0.141461849,1.098632813
0.434720278,-0.031935453,0.061833858,1.647949219
0.435718536,-0.03095293,0.142845154,1.098632813
0.436724186,-0.030729771,0.142545223,2.197265625
0.438717842,-0.111657143,0.30348134,2.197265625
0.439719677,-0.030854225,0.142492533,1.647949219
0.440718412,0.291655064,-0.017920017,1.647949219
0.441720247,-0.030106544,0.062948465,1.647949219
0.442719936,-0.110586166,0.223917246,2.197265625
0.443819761,0.050093174,-0.259832859,1.647949219
0.444814205,-0.111069441,-0.018081665,1.647949219
0.445811749,-0.110998631,-0.018332243,1.647949219
0.447806358,-0.111593485,-0.018418789,1.647949219
0.448812723,-0.353238821,0.143130779,2.197265625
0.44981885,-0.030127525,0.063117027,1.098632813
0.450816154,-0.029537916,-0.178323269,1.647949219
0.451824427,-0.110139132,-0.258944988,1.647949219
0.452725887,0.050827026,0.063216686,1.647949219
0.453813553,0.131673813,-0.01756525,1.647949219
0.454828262,0.050701618,0.06288743,1.647949219
0.455809832,0.050649405,-0.017942429,1.647949219
0.456809282,0.372881651,0.063126326,1.647949219
0.458724499,0.050432444,-0.259633541,1.647949219
0.459723234,-0.030548334,-0.018285275,2.197265625
0.460719824,0.049837351,0.142548323,1.647949219
0.461721897,0.049608231,-0.018782139,1.647949219
0.462721348,0.0494802,0.061588526,1.647949219
0.464723587,0.291372538,0.061292887,1.647949219
0.465722799,-0.030990362,0.221981049,1.098632813
0.466723442,-0.031117678,-0.100714207,1.647949219
0.467722893,0.049039841,-0.020636797,1.647949219
0.46872139,0.048614264,0.059292078,1.647949219
0.469724417,-0.032325268,0.1393888,1.647949219
0.471732855,0.048110962,-0.022210836,1.647949219
0.472731829,0.209124565,-0.02233696,1.647949219
0.473731518,-0.193847179,0.058003426,1.098632813
0.474730253,-0.032529831,0.138531685,1.647949219
0.475729704,0.047867537,0.057941914,1.098632813
0.476732492,0.12848711,0.138448715,1.647949219
0.47773242,0.128750563,-0.022219658,1.647949219
0.478729248,-0.032100201,0.058672428,1.647949219
0.480732441,0.048816204,-0.262955189,1.647949219
0.481732368,0.129660845,-0.101790428,1.647949219
0.482729673,-0.031858683,-0.021858454,1.647949219
0.483730316,0.129252195,0.138858318,1.647949219
0.484731913,0.048583746,0.059133768,1.647949219
0.486242294,0.209997177,0.059606314,1.647949219
0.48725009,-0.031222105,0.140303373,1.647949219
0.488256454,0.04948926,0.059853077,1.647949219
0.490253687,-0.031304598,-0.182082176,1.647949219
0.491251707,-0.031229258,-0.020881891,1.647949219
0.492254019,-0.353369474,0.301401377,1.647949219
0.493252516,-0.03092885,-0.020257235,1.647949219
0.494250536,-0.191687822,-0.18127656,1.647949219
0.495251894,-0.030603647,-0.262031317,1.647949219
0.496251345,-0.111380816,-0.101035357,1.647949219
0.497252464,-0.111880779,-0.021207333,1.647949219
0.498252153,0.210178852,0.059176445,1.647949219
0.500251293,0.049022198,-0.021507978,1.647949219
0.50125289,0.290929079,0.05956769,1.647949219
0.502253294,0.049406052,0.140855074,2.197265625
0.503255844,0.04970026,0.140918255,1.647949219
0.504249573,-0.353430033,-0.021006107,1.098632813
0.505252838,0.049124956,-0.021026134,1.647949219
0.506251812,-0.112244129,-0.021460056,1.647949219
0.50824976,0.048665285,-0.343604565,1.647949219
0.509249687,0.049226999,-0.021219492,1.647949219
0.510249376,0.049453735,0.059968233,1.647949219
0.511252642,-0.031139135,-0.02048254,1.647949219
0.512251854,-0.031366348,-0.021221161,1.647949219
0.51324892,-0.112058401,0.059113026,1.647949219
0.514250278,0.210062265,0.220014811,1.647949219
0.515252113,-0.031509161,0.059405565,1.647949219
0.516252041,-0.111999035,0.05949831,1.647949219
0.517249584,-0.192257643,-0.020812511,1.647949219
0.519251108,0.049485207,0.059544563,1.647949219
0.520253181,-0.353844404,-0.102287054,1.647949219
0.521252394,0.048743486,0.139218807,2.197265625
0.522249222,0.04845047,0.058309317,1.647949219
0.523251534,0.209814072,0.058434486,1.647949219
0.524252892,0.049232721,-0.021040201,1.647949219
0.525252819,0.210823059,0.059932947,1.647949219
0.52625227,-0.030502558,0.059961319,1.647949219
0.527250767,0.049701452,-0.020689964,1.647949219
0.529252768,0.049824476,-0.181706905,1.098632813
0.530250549,-0.111386776,0.060308695,1.647949219
0.531252384,-0.030446053,-0.019742012,1.647949219
0.532250881,0.211474895,-0.019179106,1.647949219
0.533252478,-0.030356646,-0.018769503,1.098632813
0.534252167,-0.35270381,-0.019155025,1.098632813
0.535250187,-0.03090167,-0.020039558,1.098632813
0.537253618,0.049857616,-0.019877195,1.647949219
0.538252831,0.130395889,-0.019815922,1.647949219
0.539252281,0.05018425,-0.100031614,1.098632813
0.540342331,0.050925732,0.061373234,1.647949219
0.541344643,-0.029624939,-0.261086702,1.647949219
0.542344332,-0.029577732,-0.180914164,1.647949219
0.543354273,-0.029813528,-0.020285606,1.647949219
0.544347286,0.050216913,0.059892893,1.098632813
0.546355486,-0.030360937,-0.020995855,1.647949219
0.547343731,-0.030341387,-0.020928621,1.647949219
0.548356056,0.211359024,0.060043812,1.647949219
0.549351454,-0.030540705,-0.18180418,1.647949219
0.550343275,-0.11146903,-0.021245718,1.098632813
0.551347733,0.371932745,0.13935256,1.647949219
0.55224967,-0.031290531,-0.102563143,1.098632813
0.554348946,-0.030844212,0.139323235,2.197265625
0.555347919,-0.111206532,0.058815479,1.647949219
0.556338072,-0.111386299,-0.021881104,1.647949219
0.55734396,-0.031230688,0.057953835,1.647949219
0.558339834,-0.031345606,-0.10341835,1.098632813
0.559340477,0.04899478,-0.023275614,1.647949219
0.560341835,-0.031645298,0.137686253,1.098632813
0.561341047,0.049168825,0.057366371,1.647949219
0.56333971,-0.111416817,-0.264554024,1.647949219
0.564350367,-0.353043079,0.05768919,2.197265625
0.565344334,-0.03100729,-0.023552179,1.647949219
0.566339493,0.049582005,-0.023504972,1.098632813
0.567339659,-0.030810833,-0.023423672,1.647949219
0.568351746,0.05006814,0.137968779,1.647949219
0.570341587,-0.03089118,-0.103851795,1.647949219
0.571437836,-0.030969143,-0.023140192,1.098632813
0.572443724,-0.11166358,-0.265297651,1.647949219
0.573444843,-0.031324863,0.137150288,1.647949219
0.574444294,-0.031419992,0.217484713,1.647949219
0.575444937,-0.03119278,-0.265526533,2.197265625
0.576438665,-0.192282438,0.05683732,2.197265625
0.577441454,0.049672842,0.137521982,2.197265625
0.579449654,0.049695253,-0.023679972,1.647949219
0.580456734,-0.031280756,-0.104549885,1.647949219
0.581441402,-0.031275272,0.056703091,1.647949219
0.582442284,-0.031300783,0.056601763,1.098632813
0.583453894,-0.031056404,0.298435926,1.098632813
0.584439278,-0.030963421,-0.104046106,1.098632813
0.58595109,0.049795389,-0.023031473,1.647949219
0.586962938,-0.030548811,-0.184335709,1.647949219
0.58896327,0.04988718,0.056941509,1.647949219
0.589962244,0.049858093,-0.104359865,1.647949219
0.590960264,0.210892677,0.057092428,1.647949219
0.591962337,-0.030432463,0.057877302,1.647949219
0.59296298,-0.030344009,-0.425782442,1.647949219
0.593961239,-0.030323982,0.138210773,1.647949219
0.594961882,-0.352702379,-0.023231268,1.098632813
0.596962214,-0.03071928,0.137479544,1.647949219
0.597961187,-0.111433268,0.218328714,1.647949219
0.598960638,0.04982233,0.057614088,1.647949219
0.599960566,0.211548567,0.05844593,1.098632813
0.600961685,-0.352228403,0.058747768,1.098632813
0.601963282,-0.110543489,-0.02222085,1.647949219
0.603961468,-0.029858828,-0.02216053,1.647949219
0.604960442,-0.110527515,-0.263999939,1.647949219
0.605959654,0.050654888,0.139258146,1.647949219
0.606962442,0.050690413,0.058764219,1.647949219
0.607962132,0.051008701,0.139503241,1.647949219
0.608959198,0.051124573,-0.102376699,1.647949219
0.609959364,0.131253481,-0.022391319,2.197265625
0.610962152,0.050522089,-0.022603989,1.647949219
0.612959385,-0.352222919,0.219035387,1.647949219
0.613959551,0.050626993,-0.022335768,1.098632813
0.614958763,0.131480217,0.139100313,1.647949219
0.615962029,-0.110554695,-0.102840424,1.647949219
0.616959095,-0.110135078,0.058202028,1.098632813
0.617960453,-0.029886723,0.057732582,1.647949219
0.619974852,0.050903082,0.218806982,1.647949219
0.620961428,-0.110295773,0.138347626,1.098632813
0.621963024,0.131570339,0.138762951,1.098632813
0.62296319,-0.351579905,-0.022459507,1.647949219
0.623960733,0.0510149,-0.022333145,1.098632813
0.624962091,-0.029705763,-0.103176117,1.647949219
0.626962185,-0.029903889,-0.022332668,1.647949219
0.627961636,0.050610781,0.058309078,1.647949219
0.628962278,-0.029686928,0.058936596,1.647949219
0.629961967,0.051095486,-0.021357775,1.647949219
0.630960464,0.051041603,-0.021566391,1.647949219
0.631962061,-0.110244989,-0.022186041,1.647949219
0.632962704,-0.352210522,0.058253288,2.197265625
0.633962393,0.050387859,0.138607025,1.098632813
0.635959148,-0.030071735,-0.344450235,1.647949219
0.636960745,0.050613165,-0.021809816,1.098632813
0.637961864,0.050780773,0.058828592,1.647949219
0.638961554,-0.029938698,-0.021995068,1.647949219
0.639961958,0.211256742,-0.022674799,1.647949219
0.640960217,-0.030453682,-0.022482634,1.647949219
0.641959906,0.130448341,0.057973623,1.647949219
0.643962145,-0.110958815,-0.022114038,1.647949219
0.644958973,-0.030052185,-0.263575792,1.647949219
0.645959377,0.211445332,-0.102484465,1.647949219
0.646958828,-0.03010273,-0.264010906,1.647949219
0.647962093,0.211212635,-0.022487879,1.647949219
0.648962259,-0.030496836,0.058219194,1.647949219
0.649959326,0.292141199,-0.022207737,1.647949219
0.651962757,0.050649166,-0.02191925,1.647949219
0.652961016,-0.110397577,0.139249802,1.098632813
0.654036045,0.050469637,-0.183432102,1.647949219
0.655030727,-0.030179024,-0.022260904,1.647949219
0.656055689,0.050355673,0.138832808,1.098632813
0.658057928,0.130940676,0.300241709,1.647949219
0.659040451,0.211745262,0.058931351,1.647949219
0.66004014,-0.029635429,0.058951855,1.647949219
0.661037683,-0.191085815,-0.263631344,1.647949219
0.662047863,0.050530672,-0.264197588,1.098632813
0.664039373,0.05021596,-0.183706522,1.647949219
0.665034056,-0.030449867,-0.022511005,1.647949219
0.666035175,-0.030411005,-0.022421122,1.647949219
0.667038202,0.049924374,-0.022244453,1.647949219
0.668042421,0.050065279,0.219794512,1.098632813
0.669006109,-0.111198187,0.05829668,1.647949219
0.671037912,-0.111207962,0.058221102,1.647949219
0.672116041,-0.030902386,-0.264471769,1.647949219
0.673141718,0.050190449,0.058186769,1.098632813
0.674123049,-0.029985666,-0.021975279,1.647949219
0.675126076,0.050698996,0.058562994,1.098632813
0.676122904,-0.030101776,-0.02228117,1.647949219
0.678122997,-0.35260129,-0.022521257,1.647949219
0.679133177,0.050269127,0.138501883,1.647949219
0.680116892,0.050489187,0.219246149,1.647949219
0.68111825,0.050557375,-0.021808863,1.647949219
0.682136536,0.050725222,0.059231997,1.647949219
0.684123278,0.856580019,0.220071793,1.098632813
0.685138941,3.756501913,0.299681425,0
0.686046124,4.158869743,0.299370527,-0.549316406
0.687227011,3.514278412,0.380015612,-0.549316406
0.689228535,3.192034006,0.702810526,0
0.690230131,3.514439821,0.783766508,1.647949219
0.69122982,4.561943054,0.300504208,1.647949219
0.692232132,5.528408527,-0.504974127,1.647949219
0.693220854,5.689512253,-0.988566637,1.098632813
0.69423914,5.205733299,-0.988996983,0.549316406
0.696221113,5.044191837,-0.90879488,1.098632813
0.697229624,5.205300331,-1.633514643,1.098632813
0.69822073,5.929841995,-2.197125912,1.098632813
0.699232817,5.607555389,-2.277582884,0.549316406
0.70023632,5.527219296,-2.277611971,1.098632813
0.702149391,5.204480171,-2.519640684,1.098632813
0.703148365,5.60668087,-2.922371387,1.647949219
0.70415163,5.686577797,-3.486513853,1.098632813
0.705148458,5.363948822,-3.164224148,0.549316406
0.706149101,5.202755928,-3.244401455,0.549316406
0.707148552,5.202645779,-3.647024632,0.549316406
0.709150791,5.363769531,-3.726716995,1.098632813
0.710150957,5.283165932,-4.0479002,1.098632813
0.711149216,5.121701241,-4.128117561,0.549316406
0.712148905,4.799377441,-4.208575726,0.549316406
0.713148355,4.879535198,-4.047598839,0.549316406
0.714151144,4.718325615,-3.886057138,0.549316406
0.715151787,4.798586845,-4.449866295,0.549316406
0.7161479,4.637423992,-4.287975311,0.549316406
0.717148542,4.476468563,-4.367736816,0
0.719151735,4.396021366,-4.447794914,0
0.720153332,4.234806061,-4.608373165,0.549316406
0.721154213,4.31511879,-4.124573708,0.549316406
0.722148895,4.23419857,-4.285367012,0.549316406
0.723149061,4.234048367,-4.446062565,0.549316406
0.724149227,3.911482334,-4.123571396,0
0.726149321,3.830616713,-4.365389824,0.549316406
0.727151394,3.830242395,-4.445010185,0.549316406
0.728150129,3.74948144,-4.766494751,0.549316406
0.729152441,3.749184132,-4.766598225,0
0.731149435,3.828953266,-4.282958984,0.549316406
0.732153416,3.747895956,-4.765882492,0
0.733151197,3.828304291,-4.36272192,0
0.734149933,3.74745369,-4.362201691,0
0.735151052,3.505572796,-4.36183548,0
0.737153053,3.50526619,-4.119771481,0
0.738151312,3.424394369,-4.199869156,0
0.73914814,3.424166441,-4.360894203,0
0.740149021,3.343222857,-4.361037254,0
0.741148233,3.503830433,-4.199789047,0
0.743150711,2.858779669,-2.266261578,0
0.744249344,0.441445827,-0.331486225,1.098632813
0.746244907,-0.041312933,-0.412029028,1.647949219
0.747240782,0.039110661,0.232270479,1.098632813
0.749238253,-0.444580317,0.312255383,0
0.750239849,0.119771004,0.312373877,-1.098632813
0.75214839,-0.041152477,0.07160306,-0.549316406
0.753252029,0.039594412,-0.331117153,0
0.75423646,0.0394485,-0.170732975,0
0.756253719,-0.041213512,-0.009679317,0
0.757238865,-0.041306734,0.393175364,0
0.759237528,-0.041324854,0.151592731,-0.549316406
0.760246277,0.039348364,-0.009134769,0
0.761149645,-0.041338444,-0.009631157,0
0.762146711,-0.041583061,-0.17096138,0
0.764145374,-0.041699648,0.070302963,0
0.765148163,-0.0419662,-0.010444641,-0.549316406
0.766171694,0.119678497,0.070386648,0
0.768168211,0.039773226,0.312344313,-0.549316406
0.769152403,0.120417833,0.070656538,0
0.770172358,-0.362953901,-0.010357141,0
0.771172285,-0.282435179,-0.010594368,-0.549316406
0.77219677,0.040034533,-0.171824932,0
0.773197174,0.12087822,-0.010324478,0
0.774196625,0.201570511,0.070595026,-0.549316406
0.776182175,-0.040104866,-0.010166168,0
0.777179718,-0.040080309,-0.252260208,0
0.778181553,0.040083885,-0.253147602,0
0.779181242,0.039984703,-0.01158452,0
0.780179262,-0.040429115,0.069348335,-0.549316406
0.781181335,-0.040102243,-0.010846853,0
0.782180309,-0.039802313,-0.010634899,-0.549316406
0.784181356,0.040659904,-0.494375467,0
0.785181046,-0.121003151,-0.011310339,0
0.786686659,0.362446547,-0.011684179,-0.549316406
0.787693977,0.040106535,-0.011819363,0
0.788695812,-0.04015708,0.069465876,-0.549316406
0.789695024,-0.03975606,-0.011232376,0
0.790695429,0.121172667,-0.172237635,-0.549316406
0.79269433,0.121397018,-0.172534227,0
0.79369688,-0.039813995,-0.092449665,0
0.794696331,0.040472984,0.068549156,-0.549316406
0.795693159,-0.120384932,0.06882453,0
0.79669404,0.041071653,-0.01122427,0
0.798696995,-0.038897514,0.06931138,0
0.799696207,0.041736364,-0.011587381,0
0.800693512,-0.119907618,-0.011773348,-0.549316406
0.801694155,-0.039145708,0.229698181,0
0.80369854,0.122080564,0.068590164,0
0.804696321,-0.11929965,0.14962554,-0.549316406
0.805693388,-0.038416147,0.069231749,0
0.806693792,0.042188883,0.069244623,-0.549316406
0.807696342,-0.038841486,-0.173237801,0
0.808696032,-0.039075375,-0.012388468,0
0.810694218,0.363950253,0.229445696,-0.549316406
0.811698198,0.202684164,-0.092700958,0
0.812695503,-0.038645983,0.068693399,0
0.8136971,-0.118895292,-0.011706352,0
0.814695358,0.203460932,-0.253397465,0
0.815698147,0.042214394,-0.012428999,0
0.816696644,0.364394426,-0.012208462,0
0.818697214,-0.119015217,0.149110079,0
0.819696903,0.041932106,-0.011904716,-0.549316406
0.820694685,-0.038393497,-0.253185749,0
0.82169652,-0.038104057,-0.011465311,-0.549316406
0.822695494,-0.037863016,-0.011415243,0
0.823696136,-0.118742943,0.14958787,0
0.82469511,-0.038140059,0.230219126,0
0.826695204,0.123206854,-0.091924429,-0.549316406
0.827696562,0.204086542,0.069674492,0
0.828693867,0.043565989,-0.010887623,-0.549316406
0.829694271,0.20445466,-0.011077404,0
0.830696106,-0.037111998,-0.253510714,0
0.831695795,-0.037354708,0.068613052,-0.549316406
0.832695961,-0.118086338,0.06842947,0
0.834694386,-0.117450953,-0.011552334,0
0.835697651,-0.036225796,-0.011187315,0
0.836700439,0.044638872,0.149907827,0
0.837694883,0.044388294,0.069361925,0
0.83869338,-0.116641998,0.06912303,-0.549316406
0.840697527,0.044615507,-0.011321545,0
0.841696739,0.12571311,0.070305347,-0.549316406
0.842697144,0.045345306,0.151136637,0
0.843694448,-0.115639925,-0.010096788,0
0.844696999,-0.03512764,0.070374966,-0.549316406
0.845696449,0.04531312,0.069873095,0
0.846694946,-0.034882307,-0.010281324,0
0.847696304,0.0458076,0.07034421,-0.549316406
0.848695278,0.046052217,0.231685162,0
0.849696398,-0.114987612,-0.25166297,0
0.85169363,0.127005577,-0.251349926,-0.549316406
0.85269475,-0.034086704,-0.009948254,0
0.853694201,-0.034117937,-0.010200024,0
0.854696751,-0.034147978,-0.252243757,0
0.855696201,0.046208858,0.311774254,-0.549316406
0.856693268,0.046530724,-0.010288,0
0.857694149,0.207954645,0.070737362,0
0.858693361,0.047010899,-0.251630068,-0.549316406
0.859696388,-0.114335775,-0.252227545,0
0.860696554,0.207847595,-0.010820627,0
0.861693382,-0.114500523,-0.011369944,-0.549316406
0.862694025,0.046622038,-0.011607647,0
0.864696026,0.046330452,-0.01193738,0
0.865693092,0.126988411,0.069004774,0
0.866693735,-0.114275217,-0.011589527,-0.549316406
0.867700338,-0.033750296,-0.012421131,0
0.869699478,0.046703815,-0.012201071,0
0.870695829,0.046843052,0.309731483,0
0.871704102,-0.114021063,-0.012722969,0
0.872706175,0.127564192,-0.012643337,0
0.873704195,0.127522469,-0.012321234,-0.549316406
0.874705553,-0.114117861,0.067769527,0
0.875705242,-0.033664227,-0.013076782,0
0.876703501,-0.114494085,-0.01350522,-0.549316406
0.878704309,0.127323627,-0.013537884,0
0.879703999,-0.033419371,-0.013161182,0
0.880704403,-0.032980442,0.148405552,-0.549316406
0.881705523,0.048043013,0.068161011,0
0.882704496,-0.032621861,-0.012378454,0
0.883704424,-0.11255312,-0.092423439,0
0.884702444,-0.031756639,0.068674564,0
0.886209726,0.049058437,-0.0113585,0
0.888245583,0.129760504,-0.010421038,0
0.889242411,0.13005662,-0.171288252,-0.549316406
0.890235662,0.049331903,0.069827318,0
0.89224267,0.210114956,-0.092084885,-0.549316406
0.893246174,-0.031869888,0.069142818,0
0.895236969,0.210448503,-0.011559725,0
0.896244049,-0.11180377,-0.012125731,0
0.897242785,0.049091339,-0.093169451,0
0.899241686,0.048724413,0.067362309,0
0.900243759,0.129056692,0.147550821,0
0.901237249,0.048489332,0.06687665,0
0.903219938,-0.031977654,-0.013453007,-0.549316406
0.904243708,-0.112365246,-0.25557971,0
0.905235529,0.129009724,0.066370249,0
0.906235695,0.12880826,0.14663291,0
0.90823555,0.048332691,-0.014459372,0
0.909241915,0.370849371,-0.014176846,0
0.910242796,-0.0315516,-0.255486727,0
0.911243677,-0.031424761,-0.174675941,0
0.912240744,-0.031329632,-0.013726711,0
0.914242983,0.049432278,0.066975117,0
0.915241957,0.049627066,0.067461967,0
0.916218042,-0.030395508,0.148519278,0
0.917237759,-0.030306816,0.148597956,-0.549316406
0.919222832,-0.030217886,-0.092771769,0
0.920238972,-0.352729082,-0.25377059,0
0.921241045,0.211645126,-0.091708899,0
0.923243284,-0.110251188,0.070039034,-0.549316406
0.924217224,0.05134964,-0.009965181,0
0.925245285,0.052047729,-0.009312391,0
0.926240683,-0.028610468,-0.009461164,0
0.927240372,0.051916122,0.070956707,0
0.928241253,-0.109088421,0.070916653,0
0.929243565,-0.10941267,0.070819855,-0.549316406
0.931243181,-0.109652281,-0.332755089,0
0.93223834,0.051160097,0.150953531,0
0.933237791,-0.109556913,0.232091188,0
0.934239388,-0.028777599,-0.00981164,-0.549316406
0.935221672,-0.109885693,-0.01015234,0
0.936237097,0.051028252,0.150887251,0
0.938236237,0.051444769,-0.010338068,0
0.939238787,0.212859154,-0.010071993,0
0.940216303,0.212970257,-0.171248913,-0.549316406
0.941235781,0.051596403,-0.091027498,0
0.942243338,-0.109624863,-0.252596617,0
0.944221735,0.05115509,-0.012034416,0
0.94521904,-0.351894379,0.148930073,0
0.946218491,0.212423801,-0.011709452,0
0.948219776,0.051560163,-0.011385202,0
0.949219704,-0.028843164,-0.253272057,0
0.950219393,0.051433086,0.068506002,0
0.951216698,0.051445723,0.067970991,0
0.952218294,-0.029409409,-0.013069153,0
0.953221083,0.051071644,-0.012751579,0
0.954220533,0.212552547,0.148955584,0
0.955219984,-0.028983355,-0.011915445,0
0.957217216,0.051713943,-0.172931194,-0.549316406
0.958216667,0.051958799,-0.172965765,0
0.959219694,0.051836252,-0.011858702,0
0.960219622,0.132513285,-0.011791706,0
0.96121645,0.213290691,-0.011625051,0
0.962216854,0.213601828,0.150383472,0
0.964220524,-0.188585758,0.150752068,0
0.965219498,-0.108067274,-0.171957493,0
0.966216564,-0.108046055,0.069758177,-0.549316406
0.967217445,-0.027475834,0.149789572,0
0.968217134,0.133645296,0.311237335,0
0.970218182,-0.027383327,0.07025218,0
0.971221447,0.133753061,0.15123415,0
0.972229481,-0.107741356,0.070924044,0
0.973232031,-0.027725697,-0.010643244,0
0.974230289,-0.028071642,0.069186211,-0.549316406
0.976231098,0.052202702,0.22993803,0
0.977229595,0.132660151,0.069072247,0
0.978231192,-0.028162718,0.069588423,0
0.979231119,-0.108469248,-0.011147499,0
0.980228662,0.213400602,-0.092455149,0
0.982228994,0.132189989,-0.254224539,0
0.983231306,0.05108285,0.068262815,0
0.984230757,0.051046371,0.309629679,-0.549316406
0.985229254,0.051312447,0.068202257,0
0.986739635,0.051175833,0.068078279,0
0.987748384,-0.029809713,-0.012217045,0
0.988748312,-0.029441595,0.068368673,0
0.989746094,0.051258087,0.067849874,0
0.991751432,-0.029037476,-0.011819839,0
0.992749214,0.212693214,-0.092269182,0
0.993750095,-0.02892518,-0.172561646,0
0.994748831,0.05168891,0.149430752,0
0.996750355,0.051348448,-0.253427982,0
0.997747898,-0.02943778,-0.011913538,0
0.998750448,-0.351419449,0.391000748,0
0.999749184,-0.029040575,-0.011621237,0
1.001749754,0.051606178,-0.011398077,0
1.002749443,-0.3510952,0.069094896,0
1.003749371,0.051583052,-0.17269063,0
1.004749298,0.051225424,-0.0925107,0
1.005748987,-0.351511002,-0.011684179,0
1.006748915,-0.029081106,0.069148779,0
1.007748842,0.213133335,0.069715261,0
1.009747267,-0.108954906,-0.010589361,0
1.010748625,0.213183641,-0.172165632,0
1.011748552,-0.028570175,-0.172246933,0
1.012749434,0.051735878,0.150024891,0
1.013746738,0.132632971,0.231012106,0
1.014747143,-0.028289318,-0.010074615,0
1.016771317,0.053072453,-0.009654284,0
1.017774105,-0.349856853,-0.009801388,0
1.018746376,-0.027821541,-0.009791613,0
1.019750118,-0.108950853,-0.009925127,0
1.021774054,-0.028056383,0.151268721,0
1.022771358,0.214119673,-0.009496212,0
1.023770571,0.053126335,-0.009235859,0
1.024770498,-0.027419806,-0.170405388,0
1.02677989,0.05284977,-0.009208441,0
1.027747631,-0.027611971,0.071409225,0
1.02874732,-0.027406693,-0.008704662,0
1.03076601,0.053732157,-0.169326067,0
1.031765938,0.053714752,-0.008286953,0
1.032763243,-0.10748601,-0.08930397,0
1.034769058,-0.027187347,0.151267529,0
1.035749197,-0.027368069,-0.009596109,0
1.037746191,0.053569794,0.071275234,0
1.038744688,0.134588957,0.071934938,0
1.039745331,-0.34859395,0.071832418,0
1.04074502,-0.026783466,-0.170520067,0
1.041744947,0.053732157,0.071030855,0
1.04274559,-0.026917458,-0.250773191,0
1.044745207,-0.349014997,-0.089175224,0
1.045744896,0.054133892,-0.008158445,0
1.046745777,-0.107135296,-0.008308172,0
1.047744989,-0.02682209,-0.008813858,0
1.049744368,0.295409441,-0.331175566,0
1.050744057,0.053408623,0.152631521,0
1.051744223,0.134327173,0.233407021,0
1.052752972,-0.026186228,-0.007688999,0
1.054771185,-0.106839657,0.153692484,0
1.055774689,-0.106876373,0.07302165,0
1.056774378,-0.026597977,-0.08810997,0
1.058774471,0.134783745,0.072773457,0
1.059746981,-0.026234627,-0.007388353,0
1.060773611,0.054662228,-0.007241964,0
1.062770844,0.054738283,-0.007092714,0
1.063769817,-0.026201725,-0.007454157,0
1.064773321,-0.026055336,-0.007970095,0
1.065773487,-0.348626375,0.153308392,0
1.066772461,-0.02617979,0.07340312,0
1.068747044,0.054582119,0.154224634,0
1.06974721,-0.025974274,-0.168253422,0
1.070766449,-0.186961651,-0.007175922,0
1.071805716,-0.106552124,-0.007591724,0
1.07379818,-0.025823355,-0.007242918,0
1.074795485,0.05518961,0.15444088,0
1.075792789,-0.025218964,0.073656797,0
1.076791763,-0.025513649,-0.00706625,0
1.077799082,-0.02505374,-0.00716877,0
1.079799175,0.055417538,0.072889566,0
1.08079648,0.055521488,0.395213842,0
1.082799911,-0.024621725,-0.007364273,0
1.083773613,-0.346934795,-0.087728977,0
1.084796667,0.055949926,0.072841167,0
1.086301804,-0.347415924,0.072498083,0
1.087332964,-0.024976969,-0.007867575,0.549316406
1.089333773,0.13659811,-0.008024454,0
1.0903337,0.216800451,-0.007577181,0
1.09133482,-0.105140686,-0.007941723,0
1.092335224,-0.024602413,-0.007199049,0
1.093391895,-0.347133398,-0.007911444,0
1.094393492,-0.105293751,0.152918577,0.549316406
1.095309258,-0.347340822,0.152869225,0
1.097412825,0.055428267,0.072860956,0
1.098419189,0.055484772,-0.08792305,0
1.09940505,0.055791855,0.073603153,0
1.100394487,0.297313452,-0.087837696,0
1.101405859,0.135849953,0.153600693,0
1.103380442,-0.025542736,-0.00763464,0
1.104380608,0.21643424,-0.168629646,0
1.10538125,-0.025424004,0.314811468,0.549316406
1.106392622,-0.025114775,-0.007452726,0
1.107387543,0.055708885,-0.007462025,0
1.108394384,-0.024834156,-0.088042259,0
1.109381914,-0.024911642,0.072323561,0
1.110382557,0.216626644,0.153187275,0
1.112385273,-0.346980572,0.314671993,0
1.113389492,0.055939436,-0.088369846,0
1.114408731,-0.105038166,0.073119164,0.549316406
1.115374088,-0.024269104,-0.007807493,0
1.116312742,-0.024635077,0.072149992,0
1.118309021,0.055633068,-0.089080811,0
1.119309187,-0.025045156,0.071898222,0
1.120311499,-0.024989128,0.072455645,0
1.121311903,0.055968285,-0.249508619,0
1.122308493,0.136270046,-0.008523703,0.549316406
1.123309374,-0.186257601,0.072042227,0
1.125361204,-0.024817467,-0.008069515,0
1.126386404,0.217256784,0.153354406,0
1.127392769,-0.024822712,0.153543711,0
1.128387451,0.056133509,-0.007240295,0
1.129398823,0.056068897,0.072663784,0
1.130401611,-0.024882078,-0.088764906,0.549316406
1.132409573,0.056171179,0.153039932,0
1.133423328,0.137456894,-0.007239819,0
1.134386301,-0.023894787,0.072769403,0
1.135309458,-0.023293257,0.154388428,0
1.137395144,-0.022545576,-0.006251335,0
1.138398886,-0.344907999,0.155175447,0.549316406
1.139391184,0.058130026,-0.005209446,0
1.141380787,0.058598757,0.076249838,0
1.142386198,0.139767885,0.157495975,0
1.144404888,-0.343935728,-0.004061699,0
1.1454041,-0.102540255,-0.246636868,0.549316406
1.147394896,-0.022247076,-0.327664614,0
1.14840436,0.058471918,0.075306177,0
1.149408102,0.058974743,-0.085743666,0
1.151403904,-0.021758556,-0.24704504,0
1.152401686,-0.344163418,-0.006206274,0
1.154380798,-0.021933556,-0.005762339,0.549316406
1.155391455,-0.344186544,-0.006116629,0
1.157409191,-0.022072315,-0.006380081,0
1.158388853,-0.021783829,-0.006340981,0
1.159397125,-0.182931185,-0.006703615,0
1.160405874,0.058525085,0.153913975,0
1.161442757,-0.022456408,0.15324688,0
1.162386179,0.380301476,0.314525366,0
1.164401293,0.380678892,-0.006787539,0
1.165400505,0.220021963,0.074720621,0
1.166419506,-0.02159214,0.074857473,0
